{
  "timestamp": "2025-06-30T20:37:46.071Z",
  "totalLOC": 1695,
  "coverage": {
    "lines": 84.49074074074075,
    "statements": 84.49074074074075,
    "functions": 89.02439024390245,
    "branches": 80.3921568627451,
    "overallScore": "84.62"
  },
  "uncovered": {
    "lines": 263,
    "branches": 33,
    "functions": 9
  },
  "testFailures": 1,
  "sizeAdjustmentFactor": 1,
  "potentialDefects": 32.45,
  "adjustedDefects": 32.45,
  "defectRate": 19.14,
  "qualityLevel": "Poor",
  "coverageQuality": "Good"
}