{
  "timestamp": "2025-06-26T08:31:04.724Z",
  "totalLOC": 1639,
  "coverage": {
    "lines": 96.16519174041298,
    "statements": 96.16519174041298,
    "functions": 93.67088607594937,
    "branches": 92.04545454545455,
    "overallScore": "94.18"
  },
  "uncovered": {
    "lines": 63,
    "branches": 13,
    "functions": 5
  },
  "testFailures": 1,
  "sizeAdjustmentFactor": 1,
  "potentialDefects": 17.25,
  "adjustedDefects": 17.25,
  "defectRate": 10.52,
  "qualityLevel": "Poor",
  "coverageQuality": "Very Good"
}